22
shakib123	ShakaShaka BoomBoom	shakibarslan@gmail.com	A	00000000
turk_eman	Eman Murtaza	murtazaeman651@gmail.com	A 10000110
john_doe    John Doe    john.doe@example.com    A	00110100
alice_smith Alice Smith alice.smith@example.com  D
bob_jones   Bob Jones   bob.jones@example.com   A
emma_white  Emma White  emma.white@example.com  D
david_king  David King  david.king@example.com  A
lisa_brown  Lisa Brown  lisa.brown@example.com  D
kevin_park  Kevin Park  kevin.park@example.com  A
olivia_green Olivia Green olivia.green@example.com D
sam_carter  Sam Carter  sam.carter@example.com  A
ella_miller Ella Miller ella.miller@example.com D
mia_jackson Mia Jackson mia.jackson@example.com A
charlie_hill Charlie Hill charlie.hill@example.com D
nora_taylor Nora Taylor nora.taylor@example.com A
jason_smith Jason Smith jason.smith@example.com D
hannah_wood Hannah Wood hannah.wood@example.com A
adam_wilson Adam Wilson adam.wilson@example.com D
sophia_lee  Sophia Lee  sophia.lee@example.com  A
leo_johnson Leo Johnson leo.johnson@example.com D
zoe_robinson Zoe Robinson zoe.robinson@example.com A
hadi_malik  Abdul Hadi hadi_ki_tui@gmail.com    A

